id;matricule_app;nom;prenom;num_id_national;sexe;email;date_naissance;lieu_naissance;adresse
1;a;orchid navigating Fundamental;indigo Kids;44532;Masclin;Geoffroy.Paul21@gmail.com;2022-11-09;port;e-commerce Berkshire Computers
2;incentivize;compressing c User-friendly;mobile Intelligent;7080;Feminin;Alcine_Vidal72@gmail.com;2022-11-08;b e-business 24;Market hack
3;hardware Charlemagne;capacitor Superviseur model;panel Bahamas;83962;Feminin;Aubertine_Francois@gmail.com;2022-11-08;primary;Monsieur-le-Prince
4;wireless;c;initiatives Bedfordshire Montorgueil;12343;Feminin;Xnophon_Petit73@gmail.com;2022-11-08;Industrial Toys;bus
5;parsing azure magenta;Latvian ÃŽle-de-France well-modulated;Incredible Mandatory granular;58473;Feminin;Corinne.Guillaume@gmail.com;2022-11-09;robust invoice;virtual
6;defect;b enhance;Centre niches Jewelery;84893;Feminin;Nine_Gaillard@yahoo.fr;2022-11-09;generate Berkshire b;Soft
7;Refined Personal;generating;Loire Berkshire Proactive;92588;Feminin;mile_Perrin@hotmail.fr;2022-11-09;Chine Baht b;a redundant
8;payment invoice robust;green bottom-line;Cambridgeshire Versatile;5269;Feminin;Dbora.Dupont56@hotmail.fr;2022-11-08;Saint-Denis;streamline du
9;b Hat;a;Tools;97567;Feminin;velyne_Dupont@gmail.com;2022-11-09;HTTP Small;Electronics
10;Cotton SMTP d'Assas;Cameroun Implemented;bottom-line synthesizing killer;91661;Feminin;Falba.Mathieu@yahoo.fr;2022-11-09;override envisioneer THX;transition
