id;numero_demande_app;nom;prenom;num_id_national;sexe;email;date_naissance;lieu_naissance;adresse;etab_frequente;matricule_etab
1;Berkshire;olive Robust Awesome;Table;21873;Masclin;Adalbaude69@hotmail.fr;2022-11-09;Analyste;payment feed;virtual discrete;Personal programming b
2;Chicken a Lek;24/7 SMS Frozen;Guyana reboot navigating;77840;Masclin;Aure_Noel7@gmail.com;2022-11-09;Languedoc-Roussillon Corse;Buckinghamshire Networked unleash;Reverse-engineered discrete c;connecting
3;program Consultant;Pizza Keyboard XML;Ouganda models;40072;Feminin;Aube_Bourgeois@hotmail.fr;2022-11-09;incubate Plastic;Bedfordshire;tan Table Vaugirard;generating
4;neutral paradigm niches;Pizza heuristic XML;Haute-Normandie Berkshire Cambridgeshire;66761;Feminin;Ambre36@yahoo.fr;2022-11-09;RAM;Bedfordshire Automotive;green Organized;Hongrie Proactive
5;de national;Soft Sainte-Lucie Toys;TCP;30618;Masclin;Romane_Jacquet@gmail.com;2022-11-08;Directeur;transmit Rustic;Assistant transmit Soap;c Automotive Generic
6;cross-platform synthesize HDD;transmitting;optimize Personal;53229;Masclin;Lucie.Louis41@gmail.com;2022-11-09;AI b a;orchid;open Aquitaine;Sleek
7;Gloves;turn-key bypassing ivory;infomediaries up Money;83431;Masclin;Alaine25@gmail.com;2022-11-08;pixel synthesizing;Alsace quantifying;compress;Centre
8;alarm;Administrateur front-end;a Cotton plum;9946;Masclin;Jeannel.Moreau@gmail.com;2022-11-08;Picardie firewall Stagiaire;24/7;panel;transmitting virtual
9;invoice Kazakhstan;deposit array parallelism;Customizable Avon;90170;Feminin;Anglique.Philippe@yahoo.fr;2022-11-09;technologies Ergonomic;Tha√Ølande Health salmon;dynamic;architectures payment
10;lavender invoice;b visionary;SCSI;29006;Feminin;Acacie.Roy46@hotmail.fr;2022-11-09;implement;Buckinghamshire;olive;Ouguiya
